{
  "hash": "4e14e387",
  "configHash": "4f637a5c",
  "lockfileHash": "ef9b9c0c",
  "browserHash": "0b0657df",
  "optimized": {
    "@angular/common": {
      "src": "../../../../../../node_modules/@angular/common/fesm2022/common.mjs",
      "file": "@angular_common.js",
      "fileHash": "5ce1b933",
      "needsInterop": false
    },
    "@angular/common/http": {
      "src": "../../../../../../node_modules/@angular/common/fesm2022/http.mjs",
      "file": "@angular_common_http.js",
      "fileHash": "e49646dd",
      "needsInterop": false
    },
    "@angular/core": {
      "src": "../../../../../../node_modules/@angular/core/fesm2022/core.mjs",
      "file": "@angular_core.js",
      "fileHash": "b2c7aa0d",
      "needsInterop": false
    },
    "@angular/platform-browser": {
      "src": "../../../../../../node_modules/@angular/platform-browser/fesm2022/platform-browser.mjs",
      "file": "@angular_platform-browser.js",
      "fileHash": "1ae06c91",
      "needsInterop": false
    },
    "angular-google-charts": {
      "src": "../../../../../../node_modules/angular-google-charts/fesm2022/angular-google-charts.mjs",
      "file": "angular-google-charts.js",
      "fileHash": "48062938",
      "needsInterop": false
    },
    "highcharts": {
      "src": "../../../../../../node_modules/highcharts/highcharts.js",
      "file": "highcharts.js",
      "fileHash": "7801b44f",
      "needsInterop": true
    }
  },
  "chunks": {
    "chunk-KK2R5POJ": {
      "file": "chunk-KK2R5POJ.js"
    },
    "chunk-XKLGPNNH": {
      "file": "chunk-XKLGPNNH.js"
    },
    "chunk-QWR25BNO": {
      "file": "chunk-QWR25BNO.js"
    },
    "chunk-ZMOGTTZB": {
      "file": "chunk-ZMOGTTZB.js"
    },
    "chunk-3OV72XIM": {
      "file": "chunk-3OV72XIM.js"
    }
  }
}